Ingredients,Recipe Created,Cusine Types,Timestamp,Date,Full recipe Ingredients,Authentic to cuisine?,# of times the result be recreated,Notes
Bitter leaf,Sautéed Bitter Leaf with Garlic and Onion,African,17:16,14/06,"-1 bunch of bitter leaf, washed and chopped

-2 tablespoons of olive oil

-2 cloves of garlic, minced

-1 small onion, sliced

-1 teaspoon of salt

-½ teaspoon of black pepper",2,,
Scotch bonnet,Spicy Pepper Pasta,African,17:43,04/06,"- 1 package of your preferred pasta (spaghetti, penne, etc.)

- 4 scotch bonnet peppers

- 4 cloves of garlic

- 1 tablespoon olive oil

- 1 teaspoon salt

- 1 teaspoon black pepper

- 1 teaspoon dried oregano

- 1 teaspoon dried basil

- 1 teaspoon red pepper flakes (optional)",3,,
yam,Roasted Yam Wedges,African,17:08,14/06,"- 1 large yam, peeled and cut into wedges

- 2 tablespoons olive oil

- 1 teaspoon garlic powder

- 1/2 teaspoon paprika

- 1/2 teaspoon black pepper

- Salt, to taste",2.5,,Very basic
Beef and broccoli,Beef and Broccoli Stir Fry,American,17:05,04/06,"- 1 lb beef, thinly sliced

- 2 cups broccoli florets

- 2 tablespoons olive oil

- 1 teaspoon garlic powder

- 1 teaspoon onion powder

- 1/2 teaspoon red pepper flakes (optional)

- Salt and pepper, to taste",4.5,,
Shrimp,Garlic Shrimp Skewers,American,17:09,04/06,"- 1 pound of shrimp, peeled and deveined

- 2 tablespoons olive oil

- 3 cloves of garlic, minced

- 1/2 teaspoon salt

- 1/4 teaspoon black pepper

- 1/4 teaspoon paprika

- 1/4 teaspoon dried oregano

- 1/4 teaspoon dried thyme

- 4 wooden skewers, soaked in water for 30 minutes",4.5,,
shrimp avocado,Shrimp and Avocado Salad Recipe,American,17:11,04/06,"- 1 pound shrimp, peeled and deveined

- 2 avocados, diced

- 2 tablespoons olive oil

- 1 teaspoon garlic powder

- 1 teaspoon paprika

- 1 teaspoon salt

- 1/2 teaspoon black pepper

- Juice of 1/2 lemon",4.5,,
Salom and dill,Baked Salmon with Dill,American,17:26,04/06,"- 1 pound of salmon fillets

- 2 tablespoons of olive oil

- Salt and pepper

- 1 teaspoon of dried dill

- 4-5 sprigs of fresh dill",4.5,,
Salmon,Lemon Herb Baked Salmon,American,17:17,04/06,"- 4 salmon fillets

- 2 tablespoons olive oil

- Salt and pepper

- 1 lemon

- 1 teaspoon dried thyme

- 1 teaspoon dried rosemary

- 1 teaspoon dried parsley",4.5,,
"Lamb, gluten-free",Grilled Lamb Chops,American,17:21,04/06,"- 4 lamb chops

- 2 tablespoons olive oil

- 1 teaspoon salt

- 1 teaspoon black pepper

- 1 teaspoon garlic powder

- 1 teaspoon dried rosemary

- 1 teaspoon dried thyme",4,,
Lamb and mint,Lamb and Mint Skewers,American,17:30,04/06,"- 1 pound lamb, cut into 1-inch cubes

- ¼ cup olive oil

- 2 tablespoons dried mint

- 1 teaspoon garlic powder

- 1 teaspoon onion powder

- Salt and pepper to taste

- 8 skewers",4,,
Potatoes,Olive Oil Roasted Potatoes,American,17:41,04/06,"- 4 medium-sized potatoes

- 2 tablespoons olive oil

- 1 teaspoon salt

- 1/2 teaspoon black pepper

- 1/2 teaspoon garlic powder

- 1/2 teaspoon paprika

- 1/2 teaspoon dried thyme

- 1/2 teaspoon dried rosemary",4.5,,
Turkey,Roasted Turkey Breast ,American,17:42,04/06,"- 1 pound turkey breast

- 2 tablespoons olive oil

- 1 teaspoon salt

- 1 teaspoon black pepper",3,,
Eggplant,Spicy Roasted Eggplant Slices,American,17:44,04/06,"1 eggplant

Olive oil

Salt

Pepper

Paprika

Garlic powder

Onion powder

Chili flakes",4,,
Eggplant and tomato,Eggplant and Tomato Stir Fry,American,17:51,04/06,"- 1 medium-sized eggplant, sliced into 1-inch cubes

- 2 medium-sized tomatoes, chopped

- 2 tablespoons olive oil

- 1 teaspoon dried oregano

- 1 teaspoon dried thyme

- Salt and pepper, to taste",4,,
Spinach and feta,Spinach and Feta Stuffed Chicken Breast,American,17:52,04/06,"- 4 chicken breasts

- 2 cups chopped spinach

- 1 cup crumbled feta cheese

- 2 tablespoons olive oil

- 1 teaspoon garlic powder

- 1 teaspoon dried oregano

- Salt and pepper to taste",4.5,,
Sweet Potato,Roasted Sweet Potato Wedges,American,17:56,04/06,"- 2 large sweet potatoes

- 2 tablespoons olive oil

- 1 teaspoon salt

- 1 teaspoon black pepper

- 1 teaspoon garlic powder

- 1 teaspoon paprika",4.5,,
Bell pepper,Sautéed Vegetable Medley,American,17:57,04/06,"- 1 red bell pepper, sliced

- 1 yellow bell pepper, sliced

- 1 onion, sliced

- 2 cloves of garlic, minced

- 1 zucchini, sliced

- 2 tablespoons olive oil

- Salt and pepper to taste

- 1 teaspoon dried oregano

- 1 teaspoon dried thyme

- 1 teaspoon dried basil",4,2,-second time it showed up was at 18:29 on 11/06
chicken and mushroom,Chicken and Mushroom Skillet,American,17:59,04/06,"- 1 lb chicken breast, cut into bite-sized pieces

- 8 oz sliced mushrooms

- 2 tbsp olive oil

- 1 tsp garlic powder

- 1 tsp onion powder

- 1 tsp dried thyme

- Salt and pepper to taste",4,,
"Zucchini, gluten-free",Baked Zucchini Fries,American,18:02,04/06,"- 2 medium-sized zucchini

- 1/4 cup olive oil

- 1 teaspoon garlic powder

- 1 teaspoon paprika

- 1 teaspoon dried oregano

- Salt and pepper, to taste",4,,
"Lamb and yogurt, gluten-free",Greek-style Lamb and Yogurt Meatballs,American,18:04,04/06,"- 1 lb of ground lamb

- 1/2 cup of plain yogurt

- 1/4 cup of breadcrumbs

- 1 egg

- 1 tsp of dried oregano

- 1 tsp of dried mint

- 1 tsp of garlic powder

- Salt and pepper to taste

- Olive oil for frying",4,,
Vegetarian,Vegetarian Chickpea Curry,American,18:06,04/06,"- 1 can of chickpeas, drained and rinsed

- 1 onion, diced

- 2 cloves of garlic, minced

- 1 bell pepper, diced

- 1 carrot, diced

- 1 tablespoon olive oil

- 1 tablespoon curry powder

- 1 teaspoon cumin

- 1 teaspoon paprika

- Salt and pepper to taste

- 1 cup vegetable broth

- 1 can of diced tomatoes

- 1 cup of frozen peas

- Cooked rice for serving (optional)",5,,Not an authentic curry from India but good try
Vegetarian Brisket,Vegetarian Brisket Recipe,American,18:07,04/06,"- 1 block of firm tofu

- 1 cup of vegetable broth

- 1 onion, thinly sliced

- 2 cloves of garlic, minced

- 1 tablespoon olive oil

- 1 teaspoon smoked paprika

- 1 teaspoon garlic powder

- 1 teaspoon onion powder

- 1 teaspoon dried thyme

- Salt and pepper, to taste

- 1 tablespoon cornstarch

- 1 tablespoon water",5,,
vegan po boy sandwich,,American,18:09,04/06,"- 1 French baguette

- 1 block of firm tofu

- 1 cup of shredded carrots

- 1 cup of sliced cucumber

- 1/2 cup of chopped cilantro

- 1/4 cup of thinly sliced red onion

- Olive oil

- Salt

- Pepper

- Chili flakes

- Garlic powder

- Onion powder

- Soy sauce

- Rice vinegar

- 1 cup of vegetable broth

- 1 cup of water",5,,
"onion, carrot, celery",Chicken and Vegetable Stir-Fry,American,18:23,11/06,"- 1 onion

- 1 carrot

- 2 stalks of celery

- 3 cloves of garlic

- 1 lb chicken breast

- 2 tablespoons olive oil

- Salt and pepper to taste

- 1 teaspoon dried oregano

- 1 teaspoon dried thyme

- 1 teaspoon dried parsley",5,,
"green onions, garlic, ginger",Garlic Ginger Green Onion Stir Fry,American,17:02,14/06,"- 1 bunch of green onions

- 3 cloves of garlic

- 1 inch piece of ginger

- 2 tablespoons olive oil

- Salt and pepper to taste",2,,
Wasabi,Salmon,American,17:21,14/06,"- 4 salmon fillets

- 2 tablespoons wasabi paste

- 2 tablespoons soy sauce

- 2 tablespoons honey

- 1 tablespoon olive oil

- Salt and pepper to taste",4.8,,
Peanut Butter,Peanut Butter Banana Honey Toast,American,17:45,17/06,"- 2 slices of bread

- 2 tablespoons of peanut butter

- 1 banana, sliced

- 1 tablespoon of honey

- Olive oil (for toasting)

- Pinch of salt (optional)

- Pinch of cinnamon (optional)
",5,,
Buttermilk,Buttermilk Fried Chicken Tenders,American,18:03,17/06,"- 1 cup buttermilk

- 1 lb chicken tenders

- 1 cup all-purpose flour

- 1 tsp salt

- 1 tsp black pepper

- 1 tsp garlic powder

- 1 tsp onion powder

- 1 tsp paprika

- Olive oil for frying",5,,
Avocado,Spicy Avocado Toast,American,18:04,17/06,"- 1 ripe avocado

- 2 slices of bread

- 2 tablespoons of olive oil

- 1 teaspoon of chili powder

- 1 teaspoon of garlic powder

- Salt and pepper, to taste",4.8,,
Vegetarian Cucumber,Cucumber Salad,American,18:12,04/06,"- 1 large cucumber

- 2 tablespoons olive oil

- 1 teaspoon dried oregano

- 1 teaspoon dried basil

- 1 teaspoon garlic powder

- Salt and pepper to taste",3.8,,
"vegetarian onion, yogurt, black pepper",Yogurt-Marinated Grilled Vegetarian Onions,American,18:13,04/06,"- 4 vegetarian onions

- 1 cup plain yogurt

- 2 tablespoons olive oil

- 1 teaspoon black pepper

- Salt, to taste

- Optional: Dried herbs or spices for extra flavor (such as oregano, thyme, or paprika)",2,,This is weird
Vegan Gyro,,American,18:14,04/06,"-1 package of pita bread

-1 cup of sliced mushrooms

-1 cup of thinly sliced red onion

-1 cup of diced tomato

-1 cup of sliced cucumber

-1 cup of chopped lettuce

-1 cup of vegan tzatziki sauce

-2 tablespoons of olive oil

-1 tablespoon of dried oregano

-1 teaspoon of garlic powder

-Salt and pepper to taste",4.8,,
vegan chicken sandwich no tofu,Vegan Chicken Sandwich Recipe,American,18:15,04/06,"- 4 slices of whole grain bread

- 1 block of vegan ""chicken"" patty

- 1 tablespoon olive oil

- Pinch of salt and pepper

- 1 teaspoon dried oregano

- 1 teaspoon dried thyme

- 1 avocado, sliced

- 1 medium tomato, sliced

- 4 lettuce leaves

- Vegan mayonnaise (optional)",5,,
"onion, carrot, celery, olive oil","Onion, Carrot, and Celery Saute",American,18:26,11/06,"- 1 onion, chopped

- 2 carrots, peeled and chopped

- 2 stalks of celery, chopped

- 2 tablespoons of olive oil

- Salt and pepper to taste",2,,"What the fuck is this, this isn't a recipe"
"onion, carrot, celery, butter","Carrot, Onion, and Celery Saute with Butter",American,18:28,11/06,"- 1 onion, thinly sliced

- 2 carrots, peeled and thinly sliced

- 2 ribs of celery, thinly sliced

- 2 tablespoons butter

- 1 tablespoon olive oil

- Salt and pepper to taste

- Optional: 1 teaspoon dried thyme or Italian seasoning",2,,"Same thing here, this isn't a meal"
"onion, ginger, garlic",Ginger Garlic Stir-Fry with Bell Pepper,American,18:35,11/06,"- 1 onion, sliced

- 1 inch ginger, grated

- 2 cloves of garlic, minced

- 1 red bell pepper, sliced

- 2 tablespoons olive oil

- Salt and pepper, to taste",1,,This is a lot of stir frys
"scallion, ginger, garlic ",Scallion Ginger Garlic Stir Fry,American,18:42,11/06,"- 1lbs of protien of choice (chicken, beef, tofu)

- 1 bunch of scallions

- 1 thumb-sized piece of ginger

- 3 cloves of garlic

- Olive oil

- Salt and pepper
",4,,no rice or noodles?
tomato paste,Tomato Chicken with Caramelized Onions,American,17:05,14/06,"- 1 tbsp olive oil

- 2 chicken breasts

- Salt and pepper

- 1 onion, thinly sliced

- 2 tbsp tomato paste

- 1 tsp dried oregano

- 1 tsp garlic powder

- 1 tsp paprika

- 1 cup water",4,,
tofu,Tofu Stir Fry with Vegetables,American,17:07,14/06,"- 1 block of firm tofu, drained and cubed

- 1 tablespoon olive oil

- 1 teaspoon garlic powder

- 1 teaspoon onion powder

- 1 teaspoon paprika

- 1 teaspoon dried oregano

- 1 teaspoon dried thyme

- 1 red bell pepper, sliced

- 1 green bell pepper, sliced

- 1 yellow onion, sliced

- 1 cup broccoli florets

- Salt and pepper, to taste",4.5,,
okra,Garlic Okra Stir-Fry,American,17:09,14/06,"- 1 pound okra

- 2 cloves garlic, minced

- 1 small onion, diced

- 2 tablespoons olive oil

- Salt and pepper to taste

- Optional: dried spices (such as cumin, paprika, or chili powder)",3.5,,
Millet,Spiced Millet and Vegetable Pilaf,American,17:10,14/06,"- 1 cup millet

- 2 cups water

- 1 tablespoon olive oil

- 1/2 teaspoon salt

- 1/4 teaspoon black pepper

- 1/2 teaspoon cumin

- 1/2 teaspoon coriander

- 1/4 teaspoon turmeric

- 1/2 teaspoon garlic powder

- 1/2 teaspoon onion powder

- 1/4 teaspoon red pepper flakes (optional)

- 1 cup mixed vegetables (carrots, peas, bell peppers, etc.)",3,,
Black-eye peas,Black-Eye Pea Salad,American,17:12,14/06,"- 1 cup black-eye peas

- 1 tablespoon olive oil

- 1 teaspoon garlic powder

- 1 teaspoon onion powder

- 1 teaspoon dried oregano

- 1 teaspoon dried basil

- Salt and pepper to taste",4,,
Hibiscus Flowers,Hibiscus Tea,American,17:13,14/06,"- 1 cup dried hibiscus flowers

- 4 cups water

- 2 tablespoons olive oil

- Salt and pepper to taste

- Optional: Dried spices such as chili powder, cumin, or paprika for added flavor",1,,
Noodles,Garlic Noodles,American,17:23,14/06,"- 8 oz noodles

- 3 cloves of garlic, minced

- 2 tbsp olive oil

- Salt and pepper, to taste

- 1 tsp dried oregano

- 1 tsp dried basil

- 1 tsp red pepper flakes (optional)",3.8,,
Nutmeg,Nutmeg Spiced Roasted Vegetables,American,17:25,14/06,"- 1 large sweet potato, cubed

- 1 large carrot, sliced

- 1 red bell pepper, sliced

- 1 yellow onion, sliced

- 2 tablespoons olive oil

- 1 teaspoon ground nutmeg

- 1 teaspoon salt

- 1/2 teaspoon black pepper",4,,
Anchovies,Anchovy Toast,American,17:26,14/06,"- 1 can of anchovies

- 4 slices of bread

- 2 tablespoons of olive oil

- Salt and pepper

- Optional toppings: grated parmesan cheese, chopped fresh parsley",3,,
Mushrooms,Garlic Mushroom Pasta,American,17:27,14/06,"- 8 oz pasta

- 2 tablespoons olive oil

- 2 cloves garlic, minced

- 1/2 onion, chopped

- 8 oz mushrooms, sliced

- Salt and pepper, to taste

- 1 teaspoon dried oregano

- 1 teaspoon dried thyme

- 1/4 cup grated Parmesan cheese (optional)",4,,
Cream cheese,Cream Cheese Stuffed Chicken Breasts,American,17:28,14/06,"- 4 boneless, skinless chicken breasts

- 4 oz cream cheese, softened

- 1 tbsp olive oil

- 1 tsp garlic powder

- 1 tsp dried thyme

- 1 tsp dried basil

- Salt and pepper, to taste",5,,
Rosemary,Rosemary Garlic Roasted Potatoes,American,17:28,14/06,"- 4 medium sized potatoes

- 3 sprigs of fresh rosemary

- 3 cloves of garlic, minced

- 2 tbsp olive oil

- Salt and pepper to taste

- 1 tsp dried thyme

- 1/2 tsp dried oregano

- 1/2 tsp dried parsley",5,,
Capers,Creamy Lemon Pasta with Capers,American,17:29,14/06,"- 1 package of pasta

- 2 tablespoons olive oil

- 1/4 cup capers

- 1 lemon

- Salt and pepper

- Dried Italian seasoning

- 1/3 cup heavy cream",3,,
Coriander,Coriander Chicken Skewers,American,17:29,17/06,"- 1 pound chicken breast, cut into bite-sized cubes

- 1 tablespoon olive oil

- 1 teaspoon coriander

- Salt and pepper, to taste

- Wooden skewers, soaked in water for 30 minutes",4,,
Thyme,Lemon Garlic Thyme Chicken Thighs,American,17:32,17/06,"- 4 chicken thighs

- 3 cloves of garlic, minced

- 1 lemon, sliced

- 2 tablespoons olive oil

- 1 teaspoon dried thyme

- Salt and pepper, to taste",4,,
Oregano,Garlic Roasted Chicken,American,17:34,17/06,"- 1 whole chicken, about 4 pounds

- 2 tablespoons olive oil

- 1 tablespoon dried oregano

- 1 tablespoon garlic powder

- 1 teaspoon salt

- 1/2 teaspoon black pepper",4,,
Parsley,Garlic Roasted Potatoes,American,17:35,17/06,"- 4 large potatoes

- 3 cloves of garlic, minced

- 2 tablespoons olive oil

- 1 tablespoon chopped parsley

- 1 teaspoon salt

- 1/2 teaspoon black pepper

- 1/2 teaspoon dried thyme

- 1/2 teaspoon dried rosemary",4,,
Bay Leaves,Bay Leaf Infused Olive Oil,American,17:36,17/06,"- 1 cup extra virgin olive oil

- 2-3 dried bay leaves

- Salt and pepper, to taste (optional)",1,,
Cumin,Cumin Roasted Chickpeas with Caramelized Onions and Garlic,American,17:37,17/06,"- 1 can of chickpeas, drained and rinsed

- 1 tbsp olive oil

- 1 tsp cumin

- 1/2 tsp garlic powder

- 1/2 tsp onion powder

- Salt and pepper, to taste",4,,
Saffron,Saffron Garlic Chicken,American,17:38,17/06,"- 2 chicken breasts

- 2 cloves of garlic, minced

- 1 pinch of saffron

- 2 tablespoons olive oil

- Salt and pepper, to taste",3,,
Worcestershire Sauce,Worcestershire Sauce Glazed Chicken,American,17:40,17/06,"- 1 whole chicken

- 1/4 cup Worcestershire sauce

- 2 tbsp olive oil

- 1 tsp garlic powder

- 1 tsp onion powder

- 1 tsp dried thyme

- Salt and pepper, to taste",4,,
Red Wine Vinegar,Red Wine Vinegar Dressing,American,17:41,17/06,"- 1/4 cup red wine vinegar

- 1/2 cup olive oil

- 1 tsp dried oregano

- 1 tsp dried basil

- 1 tsp garlic powder

- 1 tsp onion powder

- Salt and pepper to taste",5,,
Balsamic Vinegar,Balsamic Vinegar Marinated Chicken,American,17:42,17/06,"- 4 boneless, skinless chicken breasts

- 1/4 cup balsamic vinegar

- 2 tablespoons olive oil

- 1 teaspoon dried oregano

- 1 teaspoon dried thyme

- 1 teaspoon garlic powder

- Salt and pepper, to taste",4.5,,
Pistachios,Pistachio Crusted Chicken with Roasted Vegetables,American,17:47,17/06,"- 4 chicken breasts

- 1 cup shelled pistachios

- 2 tbsp olive oil

- 1 tsp dried oregano

- 1 tsp dried thyme

- 1 tsp garlic powder

- Salt and pepper, to taste

- 2 cups of your choice of vegetables (such as broccoli, carrots, bell peppers)

- Olive oil, for roasting",4.5,,
Sesame Seeds,Sesame Seed Crusted Chicken with Stir-Fried Vegetables,American,17:48,17/06,"- 4 chicken breasts

- 1/4 cup sesame seeds

- 2 tsp olive oil

- Salt and pepper

- 1 tsp garlic powder

- 1 tsp onion powder

- 1 tsp dried oregano

- 1 tsp dried thyme

- 2 cups mixed vegetables (such as bell peppers, carrots, broccoli, and mushrooms)

- Olive oil for stir-frying",3.8,,
Chickpeas,Spicy Chickpea Salad,American,17:49,17/06,"- 1 can of chickpeas, drained and rinsed

- 1 red bell pepper, diced

- 1/4 red onion, diced

- 1/4 cup chopped fresh parsley

- 2 tablespoons olive oil

- 1 teaspoon paprika

- 1/2 teaspoon cumin

- 1/4 teaspoon cayenne pepper

- Salt and pepper to taste

- Optional: crumbled feta cheese for topping",4,,
Garbanzo Beans,Roasted Veggie and Chickpea Buddha Bowl,American,17:49,17/06,"-1 can of garbanzo beans

-1 red bell pepper

-1 zucchini

-1 small red onion

-2 tablespoons olive oil

-1 teaspoon garlic powder

-1 teaspoon paprika

-1 teaspoon cumin

-Salt and pepper to taste

-1 cup cooked quinoa (optional)",4,,
Kidney Beans,Spicy Kidney Bean Salad,American,17:50,17/06,"- 2 cans of kidney beans

- 1 red bell pepper, diced

- 1 small red onion, diced

- 1 jalapeno pepper, seeded and diced

- 2 tablespoons olive oil

- 1 tablespoon red wine vinegar

- 1 teaspoon cumin

- 1 teaspoon chili powder

- 1 teaspoon garlic powder

- Salt and pepper to taste",4,,
Black Beans,Black Bean Salad,American,17:51,17/06,"- 2 cans of black beans, drained and rinsed

- 1 red bell pepper, diced

- 1 small red onion, diced

- 1 jalapeno, seeded and diced

- 1 avocado, diced

- 1/4 cup chopped cilantro

- 2 tablespoons olive oil

- 2 tablespoons lime juice

- 1 teaspoon chili powder

- 1 teaspoon cumin

- Salt and pepper to taste",4.5,,
Quinoa,Quinoa and Black Bean Salad,American,17:52,17/06,"- 1 cup quinoa

- 1 can black beans, drained and rinsed

- 1 cup cherry tomatoes, halved

- 2 tablespoons olive oil

- 1 teaspoon salt

- 1 teaspoon pepper

- 1 teaspoon cumin

- 1 teaspoon paprika

- 1 teaspoon garlic powder",4,,
Couscous,Easy Couscous Salad,American,17:55,17/06,"- 1 cup couscous

- 1 ½ cup water

- ½ cup cherry tomatoes, halved

- ½ cup cucumber, diced

- ¼ cup red onion, diced

- ¼ cup fresh parsley, chopped

- 2 tbsp olive oil

- 1 tsp dried oregano

- ½ tsp garlic powder

- Salt and pepper to taste",4,,
Polenta,Grilled Polenta with Rosemary and Garlic,American,17:56,17/06,"- 1 cup polenta

- 3 cups water

- 2 tablespoons olive oil

- 1 teaspoon salt

- 1 teaspoon black pepper

- 2 cloves garlic, minced

- 1 tablespoon dried rosemary

- Olive oil for greasing pan",3.5,,
Yogurt,Creamy Potato and Onion Bake,American,18:01,17/06,"- 4 large potatoes

- 1 large onion

- 1 cup plain yogurt

- 2 tablespoons olive oil

- 1 teaspoon garlic powder

- 1 teaspoon onion powder

- 1 teaspoon dried thyme

- Salt and pepper to taste",3.5,,
Pineapple,Pineapple and Shrimp Skewers,American,18:05,17/06,"- 1 pineapple

- 1 pound of shrimp, peeled and deveined

- Olive oil

- Salt

- Black pepper

- Garlic powder

- Onion powder

- Wooden skewers",4.5,,
Miso,Miso Glazed Salmon with Roasted Vegetables,American,18:10,17/06,"- 4 salmon fillets

- 1/4 cup miso paste

- 2 tablespoons olive oil

- 1 teaspoon garlic powder

- 1 teaspoon onion powder

- Salt and pepper to taste

- 1 cup of your choice of vegetables (such as broccoli, bell peppers, carrots)

- 1 tablespoon dried herbs (such as thyme or rosemary)",4,,
Sriracha,Chicken with Garlic Roasted Potatoes,American,18:12,17/06,"- 4 chicken breasts

- 4 medium-sized potatoes

- 2 tablespoons of olive oil

- 2 tablespoons of Sriracha sauce

- 2 cloves of garlic

- 1 teaspoon of salt

- 1 teaspoon of black pepper

- 1 teaspoon of dried oregano

- 1 teaspoon of dried thyme

- 1 teaspoon of dried rosemary

- 1 teaspoon of paprika",4.5,,
Chorizo,Chorizo and Tomato Stew,American,18:15,17/06,"- 1 chorizo sausage, sliced

- 1 large onion, diced

- 3 cloves of garlic, minced

- 1 can of diced tomatoes

- 1 tablespoon olive oil

- 1 teaspoon dried oregano

- 1 teaspoon dried thyme

- Salt and pepper, to taste",3,,
Fennel,Lemon and Garlic Roasted Chicken with Fennel,American,18:19,17/06,"- 4 chicken breasts

- 2 fennel bulbs

- 1 lemon

- 4 cloves of garlic

- 2 tbsp olive oil

- Salt

- Black pepper

- Dried thyme

- Dried oregano",3.5,,
Basmati Rice,Garlic Chicken Rice Bowl,American,18:20,17/06,"-1 cup rice

-2 cloves of garlic, minced

-1 chicken breast, diced

-1/2 tsp salt

-1 tbsp olive oil

-1/4 tsp dried thyme

-1/4 tsp dried oregano

-1/4 tsp dried basil

-1/4 tsp black pepper (optional)",4,,
Jasmine Rice,Spicy Basmati Rice with Vegetables,American,18:21,17/06,"- 1 cup Basmati rice

- 2 cups water

- 1 tablespoon olive oil

- Salt and pepper, to taste

- 1 teaspoon cumin powder

- 1 teaspoon coriander powder

- 1 teaspoon paprika

- 1 onion, chopped

- 2 cloves of garlic, minced

- 1 bell pepper, chopped

- 1 cup frozen mixed vegetables

- 1 tablespoon chopped fresh cilantro (optional)",4,,
Arborio Rice,Dairy-Free Mushroom Risotto,American,18:22,17/06,"- 1 cup Arborio rice

- 3 cups vegetable broth

- 1 tablespoon olive oil

- 1 onion, diced

- 2 cloves of garlic, minced

- 8 ounces of sliced mushrooms

- 1 teaspoon dried thyme

- 1 teaspoon dried oregano

- Salt and pepper, to taste",4,,
Sesame oil,Garlic Sesame Chicken Stir Fry,Asian,18:05,04/06,"- 1 pound boneless chicken, cut into small cubes

- 1 tablespoon sesame oil

- 2 tablespoons soy sauce

- 2 cloves of garlic, minced

- 1 teaspoon olive oil

- Salt and pepper to taste",2.5,,
"scallions, garlic, ginger, yellow onions, bell pepper, carrot, celery",VEGETABLE STIR-FRY RECIPE,Asian,17:03,14/06,"- 2 tablespoons olive oil

- 4 cloves of garlic, minced

- 1 tablespoon grated ginger

- 4 scallions, sliced

- 1 yellow onion, thinly sliced

- 1 bell pepper, thinly sliced

- 1 carrot, julienned

- 2 celery stalks, thinly sliced

- Salt and pepper to taste

- Optional: Soy sauce, sesame seeds, red pepper flakes for garnish",3.5,,
Beef,Beef Stir Fry,Asian,17:04,04/06,"- 1 pound beef, sliced into thin strips

- 2 tablespoons olive oil

- 1 teaspoon garlic powder

- 1 teaspoon onion powder

- 1 teaspoon black pepper

- 1 teaspoon salt

- 1 red bell pepper, sliced

- 1 green bell pepper, sliced

- 1 onion, sliced

- 1 tablespoon soy sauce

- 1 tablespoon honey

- Cooked rice, for serving (optional)",3.5,,
Rice,Spicy Garlic Rice,Asian,17:12,04/06,"- 1 cup rice

- 2 cups water

- 1 tablespoon olive oil

- 2 cloves of garlic, minced

- 1/2 teaspoon chili flakes

- 1/2 teaspoon cumin powder

- Salt and pepper, to taste",4,,
vegan Pad thai,,Asian,18:10,04/06,"- 8 oz rice noodles

- 1 cup chopped tofu

- 1 cup sliced carrots

- 1 cup broccoli florets

- ½ cup sliced green onions

- 1 tbsp olive oil

- 1 tbsp soy sauce

- 1 tbsp rice vinegar

- 1 tsp garlic powder

- 1 tsp ginger powder

- 1 tsp red pepper flakes

- Salt and pepper to taste

- Optional toppings: chopped peanuts, cilantro, lime wedges",4,,
Lemongrass,"Lemongrass, Garlic, and Ginger Stir Fry",Asian,17:19,14/06,"- 1 stalk of lemongrass

- 3 cloves of garlic

- 1 inch of ginger

- 1 tablespoon olive oil

- Salt and pepper to taste

- Any protein of choice (chicken, tofu, shrimp, etc.)

- Vegetables of choice (bell peppers, mushrooms, broccoli, etc.)",4,,
Soy Sauce,Soy Sauce Fried Rice,Asian,17:39,17/06,"-2 cups of cooked rice

-2 tablespoons of soy sauce

-1 tablespoon of olive oil

-1 teaspoon of garlic powder

-1 teaspoon of onion powder

-1/4 teaspoon of black pepper

-1/4 teaspoon of red pepper flakes (optional)

-1/4 cup of frozen peas and carrots (or any other vegetables of your choice)

-2 eggs, beaten",5,,
Papaya,Papaya Salad,Asian,18:07,17/06,"- 1 ripe papaya

- 1/4 red onion

- 1/4 cup chopped cilantro

- 1/4 cup chopped peanuts

- 1 tablespoon olive oil

- 1 tablespoon lime juice

- 1 teaspoon honey

- 1/4 teaspoon salt

- 1/4 teaspoon black pepper

- 1/4 teaspoon red chili flakes (optional)",3,,
Kimchi,Fried Kimchi Rice Bowl ,Asian,18:11,17/06,"- 1 cup cooked rice

- 1/2 cup kimchi, chopped

- 1 tablespoon olive oil

- 1/4 teaspoon garlic powder

- 1/4 teaspoon onion powder

- Salt and pepper, to taste",1,,
Arborio Rice,Jasmine Fried Rice,Asian,18:22,17/06,"- 1 cup jasmine rice

- 2 cups water

- 1 tablespoon olive oil

- 1 teaspoon salt

- 1 teaspoon black pepper

- 1 teaspoon garlic powder

- 1 teaspoon onion powder

- 2 tablespoons soy sauce

- 1 tablespoon sesame oil (optional)

- 1 cup mixed vegetables (carrots, peas, corn, etc.), chopped

- 1/4 cup green onions, chopped

- 2 eggs, beaten

- 1 tablespoon chopped cilantro (optional)",3,,
Chicken,Garlic Roasted Chicken,General European,17:01,04/06,"- 4 chicken breasts

- 2 tablespoons olive oil

- 4 cloves of garlic, minced

- 1 teaspoon salt

- 1 teaspoon black pepper",3,,
coddle,Coddle with Vegetables and Herbs,General European,18:48,11/06,"- 1 lb coddle

- 1 tbsp olive oil

- 1 onion, chopped

- 2 cloves of garlic, minced

- 1 carrot, chopped

- 1 stalk of celery, chopped

- 1 tsp dried thyme

- 1 tsp dried oregano

- Salt and pepper, to taste

- 2 cups water

- Fresh parsley, chopped (for garnish)",1,,"This is an irish dish, and I was told 1lbs of coddle does not exist, it should be sausage. Celery would not be used"
Ghee,Ghee Roasted Vegetables,Indian,18:08,17/06,"- 2 tablespoons ghee

- 1 pound mixed vegetables (such as carrots, broccoli, cauliflower, and bell peppers)

- Salt and pepper to taste

- 1 teaspoon dried oregano

- 1 teaspoon dried thyme

- 1 teaspoon garlic powder

- Olive oil for drizzling",3,,
Brinjal (another name for eggplant in India),Roasted Brinjal with Spices,Indian,17:47,04/06,"- 1 brinjal

- 2 tablespoons olive oil

- 1 teaspoon salt

- 1 teaspoon black pepper

- 1 teaspoon paprika

- 1 teaspoon cumin

- 1 teaspoon coriander

- 1 teaspoon garlic powder

- 1 teaspoon onion powder",4,,"I found out brinjal was the name of eggplant in india, so I used that for a search result instead"
Coconut milk,Coconut Milk Chicken Curry,Indian,17:14,14/06,"- 1 can of coconut milk

- 1 pound of chicken, cut into bite-size pieces

- 1 onion, diced

- 2 tablespoons olive oil

- 1 teaspoon garlic powder

- 1 teaspoon ginger powder

- 1 teaspoon cumin

- Salt and pepper, to taste",4,,
Tamarind,Tamarind Tomato Onion Curry,Indian,18:09,17/06,"- 2 tbsp olive oil

- 1 tsp cumin powder

- 1 tsp coriander powder

- 1 tsp red chilli powder

- 1 large onion, chopped

- 3-4 medium-sized tomatoes, chopped

- 1 small piece of tamarind, soaked in 1/2 cup water

- Salt to taste",2.8,,
Paneer,Paneer Tikka Masala,Indian,18:13,17/06,"- 1 block of paneer, cut into cubes

- 2 tablespoons olive oil

- 3 cloves of garlic, minced

- 1 teaspoon cumin

- 1 teaspoon coriander

- 1 teaspoon turmeric

- Salt and pepper, to taste",2,,
Feta,Feta Cheese and Olive Oil Bruschetta,Italian,17:55,04/06,"- 1 small baguette, sliced into ½ inch thick slices

- 1/4 cup olive oil

- 1 clove garlic, minced

- Salt and pepper

- 1 cup crumbled feta cheese

- 1 teaspoon dried oregano

- 1 teaspoon dried basil",3.8,,
Basil,Basil Pesto Pasta,Italian,17:26,17/06,"- 1 cup fresh basil leaves

- 1/4 cup olive oil

- 1/4 cup grated parmesan cheese

- 1/4 cup pine nuts

- 2 cloves garlic

- Salt and pepper, to taste

- 8 oz pasta of your choice (spaghetti, penne, etc.)",4,,
Dill,Garlic and Dill Chicken Pasta,Italian,17:31,17/06,"- 1 pound chicken breast, cut into bite-sized pieces

- 2 cloves of garlic, minced

- 1 small onion, diced

- 1 red bell pepper, diced

- 1 teaspoon dried dill

- 1/2 teaspoon salt

- 1/4 teaspoon black pepper

- Olive oil

- 8 ounces pasta (any shape)

- Water for boiling",4.5,,
Parmesan,Parmesan Crusted Baked Chicken,Italian,17:57,17/06,"- 4 chicken breasts

- 1/2 cup grated Parmesan cheese

- 1 tablespoon olive oil

- 1 teaspoon Italian seasoning

- 1 teaspoon garlic powder

- Salt and pepper, to taste",4.5,,
Mozzarella,Caprese Salad with Balsamic Glaze,Italian,17:58,17/06,"- 1 large ripe tomato

- 4-5 slices of fresh mozzarella cheese

- Handful of fresh basil leaves

- 2 tablespoons balsamic vinegar

- 2 tablespoons olive oil

- Pinch of salt

- Pinch of black pepper",5,,
Cheddar,Cheddar and Broccoli Pasta,Italian,17:59,17/06,"- 1 pound pasta

- 2 cups broccoli florets

- 1 cup cheddar cheese, shredded

- 1/4 cup olive oil

- Salt and pepper to taste

- 1 teaspoon garlic powder

- 1 teaspoon dried oregano

- 1 teaspoon dried basil",3,,
Ricotta,Ricotta and Spinach Stuffed Shells,Italian,18:00,17/06,"- 1 package of large pasta shells

- 1 cup of ricotta cheese

- 1 cup of frozen spinach, thawed and drained

- 2 tablespoons of olive oil

- 1 teaspoon of Italian seasoning

- 1 teaspoon of garlic powder

- 1/2 teaspoon of salt

- 1/4 teaspoon of black pepper

- 1 jar of your favorite pasta sauce

- Grated Parmesan cheese (optional)",4,,
Vegan Tacos,,Latinx,17:51,04/06,"- 1 package of corn tortillas

- 1 can of black beans

- 1 onion, diced

- 1 bell pepper, diced

- Olive oil

- Salt

- Pepper

- Chili powder

- Cumin

- Garlic powder

- 1 avocado, diced

- 1 tomato, diced

- 1 lime

- Cilantro, chopped

- Salsa (optional)",4.8,,
Mango,Mango Salsa,Latinx,18:06,17/06,"- 1 mango

- 1 tablespoon olive oil

- 1 teaspoon seasoning (any of your choice)

- 1 teaspoon dried spices (any of your choice)",1,,
Plantains,Fried Plantains with a Spicy Seasoning,Latinx,18:14,17/06,"- 2 ripe plantains

- Olive oil

- Salt

- Black pepper

- Red chili flakes

- Garlic powder

- Onion powder",2,,
Adobo,Adobo Chicken,Latinx,18:16,17/06,"- 4 chicken breasts

- 1 tablespoon olive oil

- 1 teaspoon salt

- 1 teaspoon black pepper

- 1 teaspoon garlic powder

- 1 teaspoon onion powder

- 1 teaspoon paprika

- 2 tablespoons soy sauce

- 2 tablespoons apple cider vinegar",2,,
Cassava,Cassava Flour Tortillas,Latinx,18:17,17/06,"- 1 cup cassava flour

- 1/4 cup olive oil

- 1/2 tsp salt

- 1/2 cup warm water

- Optional: additional seasoning or dried spices of your choice (e.g. garlic powder, cumin, chili powder)",2,,
Yuca,Roasted Yuca Fries,Latinx,18:18,17/06,"- 1 large yuca root

- 2 tablespoons olive oil

- 1 teaspoon garlic powder

- 1 teaspoon paprika

- Salt and pepper to taste",2,,
Cilantro,Lime Chicken,Latinx,17:28,17/06,"- 4 chicken breasts

- 1/4 cup olive oil

- 2 limes

- 1 bunch of cilantro

- Salt

- Black pepper

- Garlic powder

- Onion powder

- Paprika",3.5,,
Pork,Mediterranean Style Pork Chops,Mediterranean,17:18,04/06,"- 4 pork chops

- 2 tablespoons olive oil

- 1 teaspoon dried oregano

- 1 teaspoon dried basil

- 1 teaspoon dried thyme

- 1 teaspoon garlic powder

- Salt and pepper, to taste",1,,
Rice Vinegar,Rice Vinegar Rice Pilaf,Middle Eastern,17:43,17/06,"- 1 cup rice

- 2 cups water

- 2 tablespoons olive oil

- 2 tablespoons rice vinegar

- 1 teaspoon salt

- 1/2 teaspoon black pepper

- 1/2 teaspoon dried thyme

- 1/2 teaspoon dried basil

- 1/2 teaspoon garlic powder

- 1/4 teaspoon cayenne pepper (optional)",2,,
Tahini,Chickpea and Tahini Salad,Middle Eastern,17:44,17/06,"- 1 can of chickpeas, drained and rinsed

- 1/4 cup tahini

- Juice of 1 lemon

- 2 cloves of garlic, minced

- 2 tablespoons olive oil

- Salt and pepper, to taste",3.5,,
Almonds,Roasted Almond and Chickpea Hummus,Middle Eastern,17:46,17/06,"- 1 cup almonds

- 1 can chickpeas, drained and rinsed

- 2 cloves garlic, minced

- 1/4 cup lemon juice

- 2 tablespoons tahini

- 3 tablespoons olive oil

- Salt and pepper to taste

- Optional: dried spices such as cumin or paprika",4,,
Barley,Barley Pilaf,Middle Eastern,17:53,17/06,"- 1 cup barley

- 2 cups water

- 2 tablespoons olive oil

- 1 teaspoon salt

- 1 teaspoon black pepper

- 1 teaspoon dried thyme

- 1 teaspoon dried oregano

- 1 teaspoon dried basil

- 1 onion, diced

- 2 cloves garlic, minced

- 1 carrot, diced

- 1 celery stalk, diced

- 1 cup frozen peas

- 1/4 cup chopped parsley (optional)",2,,
Bulgur,Chickpea and Bulgur Wheat Salad,Middle Eastern,17:54,17/06,"- 1 cup bulgur wheat

- 1 can chickpeas, drained and rinsed

- 1 tomato, diced

- 1 cucumber, diced

- 1 small onion, diced

- 2 tablespoons olive oil

- 1 teaspoon dried oregano

- 1 teaspoon dried thyme

- Salt and pepper to taste",5,,
Kefir,Garlic and Herb Marinated Chicken with Kefir Tzatziki Sauce,Middle Eastern,18:02,17/06,"- 4 boneless, skinless chicken breasts

- 1 cup kefir

- 4 cloves of garlic, minced

- 1 tbsp dried oregano

- 1 tbsp dried thyme

- 1 tsp dried rosemary

- Salt and pepper

- Olive oil

- 1 cup plain kefir

- 1 cucumber, peeled and grated

- 1 clove of garlic, minced

- 1 tsp dried dill

- Salt and pepper",4.5,,